{
    "section1": {
        "files": [
            {
                "url": "assets/animations.json",
                "type": "animation",
                "key": "animations"
            },
            {
                "atlasURL": "assets/atlas/atlas.json",
                "textureURL": "assets/atlas/atlas.png",
                "type": "atlas",
                "key": "atlas"
            },
            {
                "atlasURL": "assets/atlas/atlas-props.json",
                "textureURL": "assets/atlas/atlas-props.png",
                "type": "atlas",
                "key": "atlas-props"
            },
            {
                "url": "assets/environment/back.png",
                "type": "image",
                "key": "back"
            },
            {
                "url": "assets/scenes/prefabs/Cherry.js",
                "type": "script",
                "key": "Cherry"
            },
            {
                "url": "assets/environment/collision.png",
                "type": "image",
                "key": "collision"
            },
            {
                "url": "assets/sprites/credits-text.png",
                "type": "image",
                "key": "credits-text"
            },
            {
                "url": "assets/dino.png",
                "type": "image",
                "key": "dino"
            },
            {
                "url": "assets/scenes/prefabs/Eagle.js",
                "type": "script",
                "key": "Eagle"
            },
            {
                "url": "assets/scenes/prefabs/EnemyDeath.js",
                "type": "script",
                "key": "EnemyDeath"
            },
            {
                "url": [
                    "assets/scenes/components/EventComponent.js",
                    "assets/scenes/components/Physics.js",
                    "assets/scenes/components/AnimationKillOnComplete.js",
                    "assets/scenes/components/StartAnimation.js",
                    "assets/scenes/components/PhysicsBody.js",
                    "assets/scenes/components/CharacterMove.js",
                    "assets/scenes/components/FixedToCamera.js",
                    "assets/scenes/components/ControllerButton.js"
                ],
                "type": "scripts",
                "key": "EventComponent"
            },
            {
                "url": "assets/scenes/prefabs/FeedbackItem.js",
                "type": "script",
                "key": "FeedbackItem"
            },
            {
                "url": "assets/scenes/prefabs/Frog.js",
                "type": "script",
                "key": "Frog"
            },
            {
                "url": "assets/scenes/prefabs/Gem.js",
                "type": "script",
                "key": "Gem"
            },
            {
                "url": "assets/sprites/instructions.png",
                "type": "image",
                "key": "instructions"
            },
            {
                "url": "assets/buttons/jump-button.png",
                "type": "image",
                "key": "jump-button"
            },
            {
                "url": "assets/buttons/left-button.png",
                "type": "image",
                "key": "left-button"
            },
            {
                "url": "assets/scenes/Level.js",
                "type": "sceneFile",
                "key": "Level"
            },
            {
                "url": "assets/maps/map.json",
                "type": "tilemapTiledJSON",
                "key": "map"
            },
            {
                "url": "assets/environment/middle.png",
                "type": "image",
                "key": "middle"
            },
            {
                "url": "assets/scenes/prefabs/Opossum.js",
                "type": "script",
                "key": "Opossum"
            },
            {
                "url": "assets/scenes/prefabs/Player.js",
                "type": "script",
                "key": "Player"
            },
            {
                "url": "assets/sprites/press-enter-text.png",
                "type": "image",
                "key": "press-enter-text"
            },
            {
                "url": "assets/buttons/right-button.png",
                "type": "image",
                "key": "right-button"
            },
            {
                "url": "assets/environment/tileset.png",
                "type": "image",
                "key": "tileset"
            },
            {
                "url": "assets/sprites/title-screen.png",
                "type": "image",
                "key": "title-screen"
            },
            {
                "url": "assets/scenes/TitleScreen.js",
                "type": "sceneFile",
                "key": "TitleScreen"
            }
        ]
    },
    "meta": {
        "app": "Phaser Editor 2D - Asset Pack Editor",
        "contentType": "phasereditor2d.pack.core.AssetContentType",
        "url": "https://phasereditor2d.com",
        "version": 2
    }
}