{
    "section1": {
        "files": [
            {
                "url": "assets/sprites/loading.png",
                "type": "image",
                "key": "loading"
            },
            {
                "url": "assets/scenes/Preloader.js",
                "type": "sceneFile",
                "key": "Preloader"
            }
        ]
    },
    "meta": {
        "app": "Phaser Editor 2D - Asset Pack Editor",
        "contentType": "phasereditor2d.pack.core.AssetContentType",
        "url": "https://phasereditor2d.com",
        "version": 2
    }
}