{
  "frames": {
    "btn-left": {
      "frame": {
        "x": 0,
        "y": 0,
        "w": 160,
        "h": 160
      },
      "rotated": false,
      "trimmed": false,
      "spriteSourceSize": {
        "x": 0,
        "y": 0,
        "w": 160,
        "h": 160
      },
      "sourceSize": {
        "w": 160,
        "h": 160
      },
      "pivot": {
        "x": 0.5,
        "y": 0.5
      }
    },
    "btn-right": {
      "frame": {
        "x": 0,
        "y": 160,
        "w": 160,
        "h": 160
      },
      "rotated": false,
      "trimmed": false,
      "spriteSourceSize": {
        "x": 0,
        "y": 0,
        "w": 160,
        "h": 160
      },
      "sourceSize": {
        "w": 160,
        "h": 160
      },
      "pivot": {
        "x": 0.5,
        "y": 0.5
      }
    },
    "btn-up": {
      "frame": {
        "x": 0,
        "y": 320,
        "w": 160,
        "h": 160
      },
      "rotated": false,
      "trimmed": false,
      "spriteSourceSize": {
        "x": 0,
        "y": 0,
        "w": 160,
        "h": 160
      },
      "sourceSize": {
        "w": 160,
        "h": 160
      },
      "pivot": {
        "x": 0.5,
        "y": 0.5
      }
    }
  },
  "meta": {
    "app": "http://free-tex-packer.com",
    "version": "0.6.6",
    "image": "ui.png",
    "format": "RGBA8888",
    "size": {
      "w": 160,
      "h": 480
    },
    "scale": 1
  }
}