{
  "frames": {
    "Volcano Level Set_Environment - Crack 07.png": {
      "frame": {
        "x": 5,
        "y": 5,
        "w": 317,
        "h": 336
      },
      "rotated": false,
      "trimmed": true,
      "spriteSourceSize": {
        "x": 11,
        "y": 2,
        "w": 317,
        "h": 336
      },
      "sourceSize": {
        "w": 340,
        "h": 340
      },
      "pivot": {
        "x": 0.5,
        "y": 0.5
      }
    },
    "Volcano Level Set_Platformer - Ground Additional 07.png": {
      "frame": {
        "x": 5,
        "y": 351,
        "w": 320,
        "h": 320
      },
      "rotated": false,
      "trimmed": false,
      "spriteSourceSize": {
        "x": 0,
        "y": 0,
        "w": 320,
        "h": 320
      },
      "sourceSize": {
        "w": 320,
        "h": 320
      },
      "pivot": {
        "x": 0.5,
        "y": 0.5
      }
    },
    "Volcano Level Set_Platformer - Ground Additional 01.png": {
      "frame": {
        "x": 332,
        "y": 5,
        "w": 316,
        "h": 320
      },
      "rotated": false,
      "trimmed": true,
      "spriteSourceSize": {
        "x": 2,
        "y": 0,
        "w": 316,
        "h": 320
      },
      "sourceSize": {
        "w": 320,
        "h": 320
      },
      "pivot": {
        "x": 0.5,
        "y": 0.5
      }
    },
    "Volcano Level Set_Platformer - Ground Additional 04.png": {
      "frame": {
        "x": 5,
        "y": 681,
        "w": 316,
        "h": 320
      },
      "rotated": false,
      "trimmed": true,
      "spriteSourceSize": {
        "x": 2,
        "y": 0,
        "w": 316,
        "h": 320
      },
      "sourceSize": {
        "w": 320,
        "h": 320
      },
      "pivot": {
        "x": 0.5,
        "y": 0.5
      }
    },
    "Volcano Level Set_Platformer - Spikes.png": {
      "frame": {
        "x": 5,
        "y": 1011,
        "w": 125,
        "h": 29
      },
      "rotated": false,
      "trimmed": true,
      "spriteSourceSize": {
        "x": 1,
        "y": 3,
        "w": 125,
        "h": 29
      },
      "sourceSize": {
        "w": 128,
        "h": 32
      },
      "pivot": {
        "x": 0.5,
        "y": 0.5
      }
    },
    "Volcano Level Set_Environment - Lava 01.png": {
      "frame": {
        "x": 140,
        "y": 1011,
        "w": 122,
        "h": 26
      },
      "rotated": false,
      "trimmed": true,
      "spriteSourceSize": {
        "x": 3,
        "y": 3,
        "w": 122,
        "h": 26
      },
      "sourceSize": {
        "w": 128,
        "h": 32
      },
      "pivot": {
        "x": 0.5,
        "y": 0.5
      }
    },
    "Volcano Level Set_Platformer - Wooden Bridge.png": {
      "frame": {
        "x": 272,
        "y": 1011,
        "w": 120,
        "h": 24
      },
      "rotated": false,
      "trimmed": true,
      "spriteSourceSize": {
        "x": 4,
        "y": 4,
        "w": 120,
        "h": 24
      },
      "sourceSize": {
        "w": 128,
        "h": 32
      },
      "pivot": {
        "x": 0.5,
        "y": 0.5
      }
    },
    "Volcano Level Set_Platformer - Ground Additional 06.png": {
      "frame": {
        "x": 331,
        "y": 681,
        "w": 128,
        "h": 320
      },
      "rotated": false,
      "trimmed": false,
      "spriteSourceSize": {
        "x": 0,
        "y": 0,
        "w": 128,
        "h": 320
      },
      "sourceSize": {
        "w": 128,
        "h": 320
      },
      "pivot": {
        "x": 0.5,
        "y": 0.5
      }
    },
    "Volcano Level Set_Environment - Lava 03.png": {
      "frame": {
        "x": 402,
        "y": 1011,
        "w": 60,
        "h": 22
      },
      "rotated": false,
      "trimmed": true,
      "spriteSourceSize": {
        "x": 2,
        "y": 6,
        "w": 60,
        "h": 22
      },
      "sourceSize": {
        "w": 64,
        "h": 32
      },
      "pivot": {
        "x": 0.5,
        "y": 0.5
      }
    },
    "Volcano Level Set_Platformer - Ground Additional 05.png": {
      "frame": {
        "x": 335,
        "y": 335,
        "w": 113,
        "h": 320
      },
      "rotated": false,
      "trimmed": true,
      "spriteSourceSize": {
        "x": 15,
        "y": 0,
        "w": 113,
        "h": 320
      },
      "sourceSize": {
        "w": 128,
        "h": 320
      },
      "pivot": {
        "x": 0.5,
        "y": 0.5
      }
    },
    "Volcano Level Set_Platformer - Ground Additional 02.png": {
      "frame": {
        "x": 458,
        "y": 335,
        "w": 304,
        "h": 314
      },
      "rotated": false,
      "trimmed": true,
      "spriteSourceSize": {
        "x": 8,
        "y": 6,
        "w": 304,
        "h": 314
      },
      "sourceSize": {
        "w": 320,
        "h": 320
      },
      "pivot": {
        "x": 0.5,
        "y": 0.5
      }
    },
    "Volcano Level Set_Platformer - Ground Additional 03.png": {
      "frame": {
        "x": 658,
        "y": 5,
        "w": 306,
        "h": 303
      },
      "rotated": false,
      "trimmed": true,
      "spriteSourceSize": {
        "x": 8,
        "y": 17,
        "w": 306,
        "h": 303
      },
      "sourceSize": {
        "w": 320,
        "h": 320
      },
      "pivot": {
        "x": 0.5,
        "y": 0.5
      }
    },
    "Volcano Level Set_Environment - Crack 04.png": {
      "frame": {
        "x": 469,
        "y": 659,
        "w": 256,
        "h": 248
      },
      "rotated": false,
      "trimmed": true,
      "spriteSourceSize": {
        "x": 12,
        "y": 16,
        "w": 256,
        "h": 248
      },
      "sourceSize": {
        "w": 280,
        "h": 280
      },
      "pivot": {
        "x": 0.5,
        "y": 0.5
      }
    },
    "Volcano Level Set_Collectable Object - Coin 01.png": {
      "frame": {
        "x": 472,
        "y": 917,
        "w": 122,
        "h": 122
      },
      "rotated": false,
      "trimmed": true,
      "spriteSourceSize": {
        "x": 3,
        "y": 3,
        "w": 122,
        "h": 122
      },
      "sourceSize": {
        "w": 128,
        "h": 128
      },
      "pivot": {
        "x": 0.5,
        "y": 0.5
      }
    },
    "Volcano Level Set_Platformer - Wooden Box.png": {
      "frame": {
        "x": 604,
        "y": 917,
        "w": 122,
        "h": 122
      },
      "rotated": false,
      "trimmed": true,
      "spriteSourceSize": {
        "x": 3,
        "y": 3,
        "w": 122,
        "h": 122
      },
      "sourceSize": {
        "w": 128,
        "h": 128
      },
      "pivot": {
        "x": 0.5,
        "y": 0.5
      }
    },
    "Volcano Level Set_Environment - Crack 01.png": {
      "frame": {
        "x": 735,
        "y": 659,
        "w": 223,
        "h": 226
      },
      "rotated": false,
      "trimmed": true,
      "spriteSourceSize": {
        "x": 9,
        "y": 7,
        "w": 223,
        "h": 226
      },
      "sourceSize": {
        "w": 240,
        "h": 240
      },
      "pivot": {
        "x": 0.5,
        "y": 0.5
      }
    },
    "Volcano Level Set_Platformer - Ground 01.png": {
      "frame": {
        "x": 736,
        "y": 895,
        "w": 128,
        "h": 128
      },
      "rotated": false,
      "trimmed": false,
      "spriteSourceSize": {
        "x": 0,
        "y": 0,
        "w": 128,
        "h": 128
      },
      "sourceSize": {
        "w": 128,
        "h": 128
      },
      "pivot": {
        "x": 0.5,
        "y": 0.5
      }
    },
    "Volcano Level Set_Platformer - Ground 02.png": {
      "frame": {
        "x": 874,
        "y": 895,
        "w": 128,
        "h": 128
      },
      "rotated": false,
      "trimmed": false,
      "spriteSourceSize": {
        "x": 0,
        "y": 0,
        "w": 128,
        "h": 128
      },
      "sourceSize": {
        "w": 128,
        "h": 128
      },
      "pivot": {
        "x": 0.5,
        "y": 0.5
      }
    },
    "Volcano Level Set_Platformer - Ground 03.png": {
      "frame": {
        "x": 1012,
        "y": 895,
        "w": 128,
        "h": 128
      },
      "rotated": false,
      "trimmed": false,
      "spriteSourceSize": {
        "x": 0,
        "y": 0,
        "w": 128,
        "h": 128
      },
      "sourceSize": {
        "w": 128,
        "h": 128
      },
      "pivot": {
        "x": 0.5,
        "y": 0.5
      }
    },
    "Volcano Level Set_Environment - Crack 03.png": {
      "frame": {
        "x": 772,
        "y": 318,
        "w": 201,
        "h": 202
      },
      "rotated": false,
      "trimmed": true,
      "spriteSourceSize": {
        "x": 20,
        "y": 19,
        "w": 201,
        "h": 202
      },
      "sourceSize": {
        "w": 240,
        "h": 240
      },
      "pivot": {
        "x": 0.5,
        "y": 0.5
      }
    },
    "Volcano Level Set_Environment - Signpost 03.png": {
      "frame": {
        "x": 772,
        "y": 530,
        "w": 118,
        "h": 119
      },
      "rotated": false,
      "trimmed": true,
      "spriteSourceSize": {
        "x": 5,
        "y": 8,
        "w": 118,
        "h": 119
      },
      "sourceSize": {
        "w": 128,
        "h": 128
      },
      "pivot": {
        "x": 0.5,
        "y": 0.5
      }
    },
    "Volcano Level Set_Environment - Rolling Stone.png": {
      "frame": {
        "x": 900,
        "y": 530,
        "w": 122,
        "h": 118
      },
      "rotated": false,
      "trimmed": true,
      "spriteSourceSize": {
        "x": 3,
        "y": 5,
        "w": 122,
        "h": 118
      },
      "sourceSize": {
        "w": 128,
        "h": 128
      },
      "pivot": {
        "x": 0.5,
        "y": 0.5
      }
    },
    "Volcano Level Set_Environment - Crack 02.png": {
      "frame": {
        "x": 968,
        "y": 658,
        "w": 196,
        "h": 191
      },
      "rotated": false,
      "trimmed": true,
      "spriteSourceSize": {
        "x": 22,
        "y": 24,
        "w": 196,
        "h": 191
      },
      "sourceSize": {
        "w": 240,
        "h": 240
      },
      "pivot": {
        "x": 0.5,
        "y": 0.5
      }
    },
    "Volcano Level Set_Environment - Crack 05.png": {
      "frame": {
        "x": 1150,
        "y": 859,
        "w": 197,
        "h": 183
      },
      "rotated": false,
      "trimmed": true,
      "spriteSourceSize": {
        "x": 42,
        "y": 8,
        "w": 197,
        "h": 183
      },
      "sourceSize": {
        "w": 280,
        "h": 200
      },
      "pivot": {
        "x": 0.5,
        "y": 0.5
      }
    },
    "Volcano Level Set_Environment - Lava 02.png": {
      "frame": {
        "x": 968,
        "y": 859,
        "w": 60,
        "h": 20
      },
      "rotated": false,
      "trimmed": true,
      "spriteSourceSize": {
        "x": 2,
        "y": 6,
        "w": 60,
        "h": 20
      },
      "sourceSize": {
        "w": 64,
        "h": 32
      },
      "pivot": {
        "x": 0.5,
        "y": 0.5
      }
    },
    "Volcano Level Set_Environment - Crack 06.png": {
      "frame": {
        "x": 974,
        "y": 5,
        "w": 97,
        "h": 168
      },
      "rotated": false,
      "trimmed": true,
      "spriteSourceSize": {
        "x": 11,
        "y": 6,
        "w": 97,
        "h": 168
      },
      "sourceSize": {
        "w": 120,
        "h": 180
      },
      "pivot": {
        "x": 0.5,
        "y": 0.5
      }
    },
    "Volcano Level Set_Platformer - Ladder.png": {
      "frame": {
        "x": 974,
        "y": 183,
        "w": 120,
        "h": 122
      },
      "rotated": false,
      "trimmed": true,
      "spriteSourceSize": {
        "x": 4,
        "y": 3,
        "w": 120,
        "h": 122
      },
      "sourceSize": {
        "w": 128,
        "h": 128
      },
      "pivot": {
        "x": 0.5,
        "y": 0.5
      }
    },
    "Volcano Level Set_Platformer - Ground 05.png": {
      "frame": {
        "x": 1081,
        "y": 5,
        "w": 128,
        "h": 128
      },
      "rotated": false,
      "trimmed": false,
      "spriteSourceSize": {
        "x": 0,
        "y": 0,
        "w": 128,
        "h": 128
      },
      "sourceSize": {
        "w": 128,
        "h": 128
      },
      "pivot": {
        "x": 0.5,
        "y": 0.5
      }
    },
    "Volcano Level Set_Platformer - Ground 06.png": {
      "frame": {
        "x": 983,
        "y": 315,
        "w": 128,
        "h": 128
      },
      "rotated": false,
      "trimmed": false,
      "spriteSourceSize": {
        "x": 0,
        "y": 0,
        "w": 128,
        "h": 128
      },
      "sourceSize": {
        "w": 128,
        "h": 128
      },
      "pivot": {
        "x": 0.5,
        "y": 0.5
      }
    },
    "Volcano Level Set_Environment - Rock 03.png": {
      "frame": {
        "x": 983,
        "y": 453,
        "w": 96,
        "h": 60
      },
      "rotated": false,
      "trimmed": true,
      "spriteSourceSize": {
        "x": 16,
        "y": 2,
        "w": 96,
        "h": 60
      },
      "sourceSize": {
        "w": 128,
        "h": 64
      },
      "pivot": {
        "x": 0.5,
        "y": 0.5
      }
    },
    "Volcano Level Set_Platformer - Stone.png": {
      "frame": {
        "x": 1032,
        "y": 523,
        "w": 120,
        "h": 122
      },
      "rotated": false,
      "trimmed": true,
      "spriteSourceSize": {
        "x": 4,
        "y": 3,
        "w": 120,
        "h": 122
      },
      "sourceSize": {
        "w": 128,
        "h": 128
      },
      "pivot": {
        "x": 0.5,
        "y": 0.5
      }
    },
    "Volcano Level Set_Environment - Rock 04.png": {
      "frame": {
        "x": 1089,
        "y": 453,
        "w": 94,
        "h": 55
      },
      "rotated": false,
      "trimmed": true,
      "spriteSourceSize": {
        "x": 17,
        "y": 4,
        "w": 94,
        "h": 55
      },
      "sourceSize": {
        "w": 128,
        "h": 64
      },
      "pivot": {
        "x": 0.5,
        "y": 0.5
      }
    },
    "Volcano Level Set_Platformer - Ground 07.png": {
      "frame": {
        "x": 1162,
        "y": 518,
        "w": 128,
        "h": 128
      },
      "rotated": false,
      "trimmed": false,
      "spriteSourceSize": {
        "x": 0,
        "y": 0,
        "w": 128,
        "h": 128
      },
      "sourceSize": {
        "w": 128,
        "h": 128
      },
      "pivot": {
        "x": 0.5,
        "y": 0.5
      }
    },
    "Volcano Level Set_Platformer - Ground 11.png": {
      "frame": {
        "x": 1300,
        "y": 518,
        "w": 128,
        "h": 128
      },
      "rotated": false,
      "trimmed": false,
      "spriteSourceSize": {
        "x": 0,
        "y": 0,
        "w": 128,
        "h": 128
      },
      "sourceSize": {
        "w": 128,
        "h": 128
      },
      "pivot": {
        "x": 0.5,
        "y": 0.5
      }
    },
    "Volcano Level Set_Platformer - Ground 04.png": {
      "frame": {
        "x": 1104,
        "y": 143,
        "w": 124,
        "h": 128
      },
      "rotated": false,
      "trimmed": true,
      "spriteSourceSize": {
        "x": 4,
        "y": 0,
        "w": 124,
        "h": 128
      },
      "sourceSize": {
        "w": 128,
        "h": 128
      },
      "pivot": {
        "x": 0.5,
        "y": 0.5
      }
    },
    "Volcano Level Set_Platformer - Ground 08.png": {
      "frame": {
        "x": 1219,
        "y": 5,
        "w": 124,
        "h": 128
      },
      "rotated": false,
      "trimmed": true,
      "spriteSourceSize": {
        "x": 0,
        "y": 0,
        "w": 124,
        "h": 128
      },
      "sourceSize": {
        "w": 128,
        "h": 128
      },
      "pivot": {
        "x": 0.5,
        "y": 0.5
      }
    },
    "Volcano Level Set_Platformer - Ground 013.png": {
      "frame": {
        "x": 1353,
        "y": 5,
        "w": 95,
        "h": 128
      },
      "rotated": false,
      "trimmed": true,
      "spriteSourceSize": {
        "x": 0,
        "y": 0,
        "w": 95,
        "h": 128
      },
      "sourceSize": {
        "w": 128,
        "h": 128
      },
      "pivot": {
        "x": 0.5,
        "y": 0.5
      }
    },
    "Volcano Level Set_Platformer - Ground 09.png": {
      "frame": {
        "x": 1121,
        "y": 281,
        "w": 95,
        "h": 128
      },
      "rotated": false,
      "trimmed": true,
      "spriteSourceSize": {
        "x": 33,
        "y": 0,
        "w": 95,
        "h": 128
      },
      "sourceSize": {
        "w": 128,
        "h": 128
      },
      "pivot": {
        "x": 0.5,
        "y": 0.5
      }
    },
    "Volcano Level Set_Environment - Skull.png": {
      "frame": {
        "x": 1193,
        "y": 419,
        "w": 134,
        "h": 76
      },
      "rotated": false,
      "trimmed": true,
      "spriteSourceSize": {
        "x": 12,
        "y": 3,
        "w": 134,
        "h": 76
      },
      "sourceSize": {
        "w": 160,
        "h": 80
      },
      "pivot": {
        "x": 0.5,
        "y": 0.5
      }
    },
    "Volcano Level Set_Platformer - Bonus.png": {
      "frame": {
        "x": 1226,
        "y": 281,
        "w": 118,
        "h": 122
      },
      "rotated": false,
      "trimmed": true,
      "spriteSourceSize": {
        "x": 5,
        "y": 3,
        "w": 118,
        "h": 122
      },
      "sourceSize": {
        "w": 128,
        "h": 128
      },
      "pivot": {
        "x": 0.5,
        "y": 0.5
      }
    },
    "Volcano Level Set_Platformer - Brick 01.png": {
      "frame": {
        "x": 1238,
        "y": 143,
        "w": 118,
        "h": 122
      },
      "rotated": false,
      "trimmed": true,
      "spriteSourceSize": {
        "x": 5,
        "y": 3,
        "w": 118,
        "h": 122
      },
      "sourceSize": {
        "w": 128,
        "h": 128
      },
      "pivot": {
        "x": 0.5,
        "y": 0.5
      }
    },
    "Volcano Level Set_Platformer - Brick 02.png": {
      "frame": {
        "x": 1354,
        "y": 275,
        "w": 118,
        "h": 122
      },
      "rotated": false,
      "trimmed": true,
      "spriteSourceSize": {
        "x": 5,
        "y": 3,
        "w": 118,
        "h": 122
      },
      "sourceSize": {
        "w": 128,
        "h": 128
      },
      "pivot": {
        "x": 0.5,
        "y": 0.5
      }
    },
    "Volcano Level Set_Platformer - Star.png": {
      "frame": {
        "x": 1366,
        "y": 143,
        "w": 118,
        "h": 122
      },
      "rotated": false,
      "trimmed": true,
      "spriteSourceSize": {
        "x": 5,
        "y": 3,
        "w": 118,
        "h": 122
      },
      "sourceSize": {
        "w": 128,
        "h": 128
      },
      "pivot": {
        "x": 0.5,
        "y": 0.5
      }
    },
    "Volcano Level Set_Collectable Object - Locked Golden Treasure Box.png": {
      "frame": {
        "x": 1354,
        "y": 407,
        "w": 108,
        "h": 100
      },
      "rotated": false,
      "trimmed": true,
      "spriteSourceSize": {
        "x": 3,
        "y": 22,
        "w": 108,
        "h": 100
      },
      "sourceSize": {
        "w": 128,
        "h": 128
      },
      "pivot": {
        "x": 0.5,
        "y": 0.5
      }
    },
    "Volcano Level Set_Platformer - Wooden Barrel.png": {
      "frame": {
        "x": 1458,
        "y": 5,
        "w": 116,
        "h": 122
      },
      "rotated": false,
      "trimmed": true,
      "spriteSourceSize": {
        "x": 6,
        "y": 3,
        "w": 116,
        "h": 122
      },
      "sourceSize": {
        "w": 128,
        "h": 128
      },
      "pivot": {
        "x": 0.5,
        "y": 0.5
      }
    },
    "Volcano Level Set_Collectable Object - Coin 02.png": {
      "frame": {
        "x": 1174,
        "y": 656,
        "w": 110,
        "h": 122
      },
      "rotated": false,
      "trimmed": true,
      "spriteSourceSize": {
        "x": 9,
        "y": 3,
        "w": 110,
        "h": 122
      },
      "sourceSize": {
        "w": 128,
        "h": 128
      },
      "pivot": {
        "x": 0.5,
        "y": 0.5
      }
    },
    "Volcano Level Set_Environment - Golden Key.png": {
      "frame": {
        "x": 1174,
        "y": 788,
        "w": 110,
        "h": 52
      },
      "rotated": false,
      "trimmed": true,
      "spriteSourceSize": {
        "x": 9,
        "y": 6,
        "w": 110,
        "h": 52
      },
      "sourceSize": {
        "w": 128,
        "h": 64
      },
      "pivot": {
        "x": 0.5,
        "y": 0.5
      }
    },
    "Volcano Level Set_Collectable Object - Coin 06.png": {
      "frame": {
        "x": 1294,
        "y": 656,
        "w": 110,
        "h": 122
      },
      "rotated": false,
      "trimmed": true,
      "spriteSourceSize": {
        "x": 9,
        "y": 3,
        "w": 110,
        "h": 122
      },
      "sourceSize": {
        "w": 128,
        "h": 128
      },
      "pivot": {
        "x": 0.5,
        "y": 0.5
      }
    },
    "Volcano Level Set_Environment - Silver Key.png": {
      "frame": {
        "x": 1294,
        "y": 788,
        "w": 110,
        "h": 52
      },
      "rotated": false,
      "trimmed": true,
      "spriteSourceSize": {
        "x": 9,
        "y": 6,
        "w": 110,
        "h": 52
      },
      "sourceSize": {
        "w": 128,
        "h": 64
      },
      "pivot": {
        "x": 0.5,
        "y": 0.5
      }
    },
    "Volcano Level Set_Environment - Rock 07.png": {
      "frame": {
        "x": 1414,
        "y": 788,
        "w": 44,
        "h": 50
      },
      "rotated": false,
      "trimmed": true,
      "spriteSourceSize": {
        "x": 10,
        "y": 8,
        "w": 44,
        "h": 50
      },
      "sourceSize": {
        "w": 64,
        "h": 64
      },
      "pivot": {
        "x": 0.5,
        "y": 0.5
      }
    },
    "Volcano Level Set_Collectable Object - Coin 03.png": {
      "frame": {
        "x": 1414,
        "y": 656,
        "w": 76,
        "h": 122
      },
      "rotated": false,
      "trimmed": true,
      "spriteSourceSize": {
        "x": 26,
        "y": 3,
        "w": 76,
        "h": 122
      },
      "sourceSize": {
        "w": 128,
        "h": 128
      },
      "pivot": {
        "x": 0.5,
        "y": 0.5
      }
    },
    "Volcano Level Set_Collectable Object - Coin 05.png": {
      "frame": {
        "x": 1500,
        "y": 656,
        "w": 76,
        "h": 122
      },
      "rotated": false,
      "trimmed": true,
      "spriteSourceSize": {
        "x": 26,
        "y": 3,
        "w": 76,
        "h": 122
      },
      "sourceSize": {
        "w": 128,
        "h": 128
      },
      "pivot": {
        "x": 0.5,
        "y": 0.5
      }
    },
    "Volcano Level Set_Environment - Red Flag.png": {
      "frame": {
        "x": 1438,
        "y": 517,
        "w": 56,
        "h": 122
      },
      "rotated": false,
      "trimmed": true,
      "spriteSourceSize": {
        "x": 4,
        "y": 4,
        "w": 56,
        "h": 122
      },
      "sourceSize": {
        "w": 64,
        "h": 128
      },
      "pivot": {
        "x": 0.5,
        "y": 0.5
      }
    },
    "Volcano Level Set_Collectable Object - Locked Silver Treasure Box.png": {
      "frame": {
        "x": 1472,
        "y": 407,
        "w": 108,
        "h": 100
      },
      "rotated": false,
      "trimmed": true,
      "spriteSourceSize": {
        "x": 3,
        "y": 22,
        "w": 108,
        "h": 100
      },
      "sourceSize": {
        "w": 128,
        "h": 128
      },
      "pivot": {
        "x": 0.5,
        "y": 0.5
      }
    },
    "Volcano Level Set_Environment - White Flag.png": {
      "frame": {
        "x": 1482,
        "y": 275,
        "w": 56,
        "h": 122
      },
      "rotated": false,
      "trimmed": true,
      "spriteSourceSize": {
        "x": 4,
        "y": 4,
        "w": 56,
        "h": 122
      },
      "sourceSize": {
        "w": 64,
        "h": 128
      },
      "pivot": {
        "x": 0.5,
        "y": 0.5
      }
    },
    "Volcano Level Set_Collectable Object - Coin 04.png": {
      "frame": {
        "x": 1504,
        "y": 137,
        "w": 38,
        "h": 122
      },
      "rotated": false,
      "trimmed": true,
      "spriteSourceSize": {
        "x": 45,
        "y": 3,
        "w": 38,
        "h": 122
      },
      "sourceSize": {
        "w": 128,
        "h": 128
      },
      "pivot": {
        "x": 0.5,
        "y": 0.5
      }
    },
    "Volcano Level Set_Environment - Signpost 02.png": {
      "frame": {
        "x": 1548,
        "y": 269,
        "w": 117,
        "h": 121
      },
      "rotated": false,
      "trimmed": true,
      "spriteSourceSize": {
        "x": 5,
        "y": 6,
        "w": 117,
        "h": 121
      },
      "sourceSize": {
        "w": 128,
        "h": 128
      },
      "pivot": {
        "x": 0.5,
        "y": 0.5
      }
    },
    "Volcano Level Set_Platformer - Ground 10.png": {
      "frame": {
        "x": 1552,
        "y": 137,
        "w": 124,
        "h": 120
      },
      "rotated": false,
      "trimmed": true,
      "spriteSourceSize": {
        "x": 4,
        "y": 0,
        "w": 124,
        "h": 120
      },
      "sourceSize": {
        "w": 128,
        "h": 128
      },
      "pivot": {
        "x": 0.5,
        "y": 0.5
      }
    },
    "Volcano Level Set_Platformer - Ground 12.png": {
      "frame": {
        "x": 1584,
        "y": 5,
        "w": 124,
        "h": 120
      },
      "rotated": false,
      "trimmed": true,
      "spriteSourceSize": {
        "x": 0,
        "y": 0,
        "w": 124,
        "h": 120
      },
      "sourceSize": {
        "w": 128,
        "h": 128
      },
      "pivot": {
        "x": 0.5,
        "y": 0.5
      }
    },
    "Volcano Level Set_Collectable Object - Meat.png": {
      "frame": {
        "x": 1686,
        "y": 135,
        "w": 120,
        "h": 120
      },
      "rotated": false,
      "trimmed": true,
      "spriteSourceSize": {
        "x": 4,
        "y": 4,
        "w": 120,
        "h": 120
      },
      "sourceSize": {
        "w": 128,
        "h": 128
      },
      "pivot": {
        "x": 0.5,
        "y": 0.5
      }
    },
    "Volcano Level Set_Environment - Signpost 01.png": {
      "frame": {
        "x": 1718,
        "y": 5,
        "w": 110,
        "h": 118
      },
      "rotated": false,
      "trimmed": true,
      "spriteSourceSize": {
        "x": 9,
        "y": 9,
        "w": 110,
        "h": 118
      },
      "sourceSize": {
        "w": 128,
        "h": 128
      },
      "pivot": {
        "x": 0.5,
        "y": 0.5
      }
    },
    "Volcano Level Set_Environment - Signpost 04.png": {
      "frame": {
        "x": 1504,
        "y": 517,
        "w": 110,
        "h": 118
      },
      "rotated": false,
      "trimmed": true,
      "spriteSourceSize": {
        "x": 9,
        "y": 9,
        "w": 110,
        "h": 118
      },
      "sourceSize": {
        "w": 128,
        "h": 128
      },
      "pivot": {
        "x": 0.5,
        "y": 0.5
      }
    },
    "Volcano Level Set_Environment - Rock 01.png": {
      "frame": {
        "x": 1590,
        "y": 400,
        "w": 104,
        "h": 106
      },
      "rotated": false,
      "trimmed": true,
      "spriteSourceSize": {
        "x": 12,
        "y": 7,
        "w": 104,
        "h": 106
      },
      "sourceSize": {
        "w": 128,
        "h": 128
      },
      "pivot": {
        "x": 0.5,
        "y": 0.5
      }
    },
    "Volcano Level Set_Environment - Signpost 05.png": {
      "frame": {
        "x": 1675,
        "y": 267,
        "w": 110,
        "h": 118
      },
      "rotated": false,
      "trimmed": true,
      "spriteSourceSize": {
        "x": 9,
        "y": 9,
        "w": 110,
        "h": 118
      },
      "sourceSize": {
        "w": 128,
        "h": 128
      },
      "pivot": {
        "x": 0.5,
        "y": 0.5
      }
    },
    "Volcano Level Set_Environment - Signpost 06.png": {
      "frame": {
        "x": 1357,
        "y": 850,
        "w": 110,
        "h": 118
      },
      "rotated": false,
      "trimmed": true,
      "spriteSourceSize": {
        "x": 9,
        "y": 9,
        "w": 110,
        "h": 118
      },
      "sourceSize": {
        "w": 128,
        "h": 128
      },
      "pivot": {
        "x": 0.5,
        "y": 0.5
      }
    },
    "Volcano Level Set_Environment - Rock 06.png": {
      "frame": {
        "x": 1468,
        "y": 788,
        "w": 42,
        "h": 48
      },
      "rotated": false,
      "trimmed": true,
      "spriteSourceSize": {
        "x": 11,
        "y": 8,
        "w": 42,
        "h": 48
      },
      "sourceSize": {
        "w": 64,
        "h": 64
      },
      "pivot": {
        "x": 0.5,
        "y": 0.5
      }
    },
    "Volcano Level Set_Environment - Rock 05.png": {
      "frame": {
        "x": 1357,
        "y": 978,
        "w": 46,
        "h": 46
      },
      "rotated": false,
      "trimmed": true,
      "spriteSourceSize": {
        "x": 9,
        "y": 9,
        "w": 46,
        "h": 46
      },
      "sourceSize": {
        "w": 64,
        "h": 64
      },
      "pivot": {
        "x": 0.5,
        "y": 0.5
      }
    },
    "Volcano Level Set_Environment - Rock 08.png": {
      "frame": {
        "x": 1413,
        "y": 978,
        "w": 42,
        "h": 46
      },
      "rotated": false,
      "trimmed": true,
      "spriteSourceSize": {
        "x": 11,
        "y": 10,
        "w": 42,
        "h": 46
      },
      "sourceSize": {
        "w": 64,
        "h": 64
      },
      "pivot": {
        "x": 0.5,
        "y": 0.5
      }
    },
    "Volcano Level Set_Collectable Object - Star.png": {
      "frame": {
        "x": 1477,
        "y": 846,
        "w": 118,
        "h": 116
      },
      "rotated": false,
      "trimmed": true,
      "spriteSourceSize": {
        "x": 5,
        "y": 6,
        "w": 118,
        "h": 116
      },
      "sourceSize": {
        "w": 128,
        "h": 128
      },
      "pivot": {
        "x": 0.5,
        "y": 0.5
      }
    },
    "Volcano Level Set_Collectable Object - Diamond.png": {
      "frame": {
        "x": 1586,
        "y": 645,
        "w": 112,
        "h": 112
      },
      "rotated": false,
      "trimmed": true,
      "spriteSourceSize": {
        "x": 8,
        "y": 8,
        "w": 112,
        "h": 112
      },
      "sourceSize": {
        "w": 128,
        "h": 128
      },
      "pivot": {
        "x": 0.5,
        "y": 0.5
      }
    },
    "Volcano Level Set_Collectable Object - Bubble.png": {
      "frame": {
        "x": 1624,
        "y": 516,
        "w": 110,
        "h": 110
      },
      "rotated": false,
      "trimmed": true,
      "spriteSourceSize": {
        "x": 9,
        "y": 9,
        "w": 110,
        "h": 110
      },
      "sourceSize": {
        "w": 128,
        "h": 128
      },
      "pivot": {
        "x": 0.5,
        "y": 0.5
      }
    },
    "Volcano Level Set_Collectable Object - Life.png": {
      "frame": {
        "x": 1708,
        "y": 395,
        "w": 118,
        "h": 104
      },
      "rotated": false,
      "trimmed": true,
      "spriteSourceSize": {
        "x": 5,
        "y": 12,
        "w": 118,
        "h": 104
      },
      "sourceSize": {
        "w": 128,
        "h": 128
      },
      "pivot": {
        "x": 0.5,
        "y": 0.5
      }
    },
    "Volcano Level Set_Collectable Object - Unlocked Golden Treasure Box.png": {
      "frame": {
        "x": 1836,
        "y": 395,
        "w": 123,
        "h": 103
      },
      "rotated": false,
      "trimmed": true,
      "spriteSourceSize": {
        "x": 3,
        "y": 19,
        "w": 123,
        "h": 103
      },
      "sourceSize": {
        "w": 128,
        "h": 128
      },
      "pivot": {
        "x": 0.5,
        "y": 0.5
      }
    },
    "Tiny Caveman_Game Object - Banana.png": {
      "frame": {
        "x": 1969,
        "y": 395,
        "w": 72,
        "h": 74
      },
      "rotated": false,
      "trimmed": true,
      "spriteSourceSize": {
        "x": 4,
        "y": 3,
        "w": 72,
        "h": 74
      },
      "sourceSize": {
        "w": 80,
        "h": 80
      },
      "pivot": {
        "x": 0.5,
        "y": 0.5
      }
    },
    "Tiny Caveman_Game Object - Apple.png": {
      "frame": {
        "x": 1969,
        "y": 479,
        "w": 68,
        "h": 75
      },
      "rotated": false,
      "trimmed": true,
      "spriteSourceSize": {
        "x": 6,
        "y": 3,
        "w": 68,
        "h": 75
      },
      "sourceSize": {
        "w": 80,
        "h": 80
      },
      "pivot": {
        "x": 0.5,
        "y": 0.5
      }
    },
    "Volcano Level Set_Collectable Object - Unlocked Silver Treasure Box.png": {
      "frame": {
        "x": 1836,
        "y": 508,
        "w": 123,
        "h": 103
      },
      "rotated": false,
      "trimmed": true,
      "spriteSourceSize": {
        "x": 3,
        "y": 19,
        "w": 123,
        "h": 103
      },
      "sourceSize": {
        "w": 128,
        "h": 128
      },
      "pivot": {
        "x": 0.5,
        "y": 0.5
      }
    },
    "Tiny Caveman_Game Object - Rock.png": {
      "frame": {
        "x": 1744,
        "y": 509,
        "w": 76,
        "h": 72
      },
      "rotated": false,
      "trimmed": true,
      "spriteSourceSize": {
        "x": 2,
        "y": 4,
        "w": 76,
        "h": 72
      },
      "sourceSize": {
        "w": 80,
        "h": 80
      },
      "pivot": {
        "x": 0.5,
        "y": 0.5
      }
    },
    "Tiny Caveman_Game Object - Cherry.png": {
      "frame": {
        "x": 1969,
        "y": 564,
        "w": 64,
        "h": 76
      },
      "rotated": false,
      "trimmed": true,
      "spriteSourceSize": {
        "x": 8,
        "y": 2,
        "w": 64,
        "h": 76
      },
      "sourceSize": {
        "w": 80,
        "h": 80
      },
      "pivot": {
        "x": 0.5,
        "y": 0.5
      }
    },
    "Volcano Level Set_Environment - Rock 02.png": {
      "frame": {
        "x": 1795,
        "y": 265,
        "w": 94,
        "h": 98
      },
      "rotated": false,
      "trimmed": true,
      "spriteSourceSize": {
        "x": 17,
        "y": 11,
        "w": 94,
        "h": 98
      },
      "sourceSize": {
        "w": 128,
        "h": 128
      },
      "pivot": {
        "x": 0.5,
        "y": 0.5
      }
    }
  },
  "meta": {
    "app": "http://free-tex-packer.com",
    "version": "0.6.6",
    "image": "volcano.png",
    "format": "RGBA8888",
    "size": {
      "w": 2046,
      "h": 1047
    },
    "scale": 1
  }
}