{
    "section1": {
        "files": [
            {
                "url": [
                    "assets/components/UserComponent.js",
                    "assets/components/PushOnClick.js"
                ],
                "type": "scripts",
                "key": "components"
            },
            {
                "url": "assets/dino.png",
                "type": "image",
                "key": "dino"
            },
            {
                "url": "assets/scenes/Level.js",
                "type": "sceneFile",
                "key": "Level"
            }
        ]
    },
    "meta": {
        "app": "Phaser Editor 2D - Asset Pack Editor",
        "contentType": "phasereditor2d.pack.core.AssetContentType",
        "url": "https://phasereditor2d.com",
        "version": 2
    }
}